,ride_id,bike_type,start_time,end_time,start_station_id,end_station_id
0,20240917_RwXlpf,ebike,2024-09-17 00:16:46.139,2024-09-17 00:20:42.310,ST_nE0,ST_P65
1,20240917_cJGrTI,mechanical,2024-09-17 00:14:00.621,2024-09-17 00:26:20.684,ST_yL2,ST_ZE7
2,20240917_az10Ki,mechanical,2024-09-17 00:13:58.168,2024-09-17 00:31:33.739,ST_hJk,ST_ueO
3,20240917_uMSyzn,ebike,2024-09-17 00:08:16.582,2024-09-17 00:10:55.800,ST_XFU,ST_qys
4,20240917_xSwCVk,ebike,2024-09-17 00:29:30.140,2024-09-17 00:40:41.072,ST_wWm,ST_hJk
5,20240917_rHqChI,ebike,2024-09-17 00:15:26.530,2024-09-17 00:25:31.186,ST_sdC,ST_fzg
6,20240917_2t4mCo,ebike,2024-09-17 00:03:40.302,2024-09-17 00:08:33.909,ST_LBV,ST_1je
7,20240917_tCnpa3,ebike,2024-09-17 00:20:56.320,2024-09-17 00:32:49.265,ST_J8E,ST_Tjy
8,20240917_4VwdTI,ebike,2024-09-17 00:15:50.420,2024-09-17 00:22:01.538,ST_JZA,ST_3ZT
9,20240917_6OF2y1,ebike,2024-09-17 00:13:10.148,2024-09-17 00:20:48.276,ST_qJN,ST_7Ys
10,20240917_gCPtL8,ebike,2024-09-17 00:13:47.479,2024-09-17 00:27:59.418,ST_eoe,ST_Nv0
11,20240917_OLJAXn,ebike,2024-09-17 00:08:57.980,2024-09-17 00:16:22.242,ST_MMu,ST_PHs
12,20240917_LD06rP,mechanical,2024-09-17 00:05:47.789,2024-09-17 00:31:31.455,ST_SFW,ST_FAB
13,20240917_8xLFJ7,mechanical,2024-09-17 00:23:43.963,2024-09-17 00:39:08.545,ST_Kgr,ST_hRb
14,20240917_qcWwZ4,ebike,2024-09-17 00:21:59.107,2024-09-17 00:42:39.719,ST_WrL,ST_XGN
15,20240917_YcGL1u,ebike,2024-09-17 00:24:54.137,2024-09-17 00:29:26.519,ST_Aaf,ST_xpt
16,20240917_2YNkQr,ebike,2024-09-17 00:12:47.812,2024-09-17 00:15:25.035,ST_5aW,ST_cIS
17,20240917_XiNy6p,ebike,2024-09-17 00:08:56.996,2024-09-17 00:15:39.258,ST_Tdr,ST_j3x
18,20240917_pREP48,ebike,2024-09-17 00:25:15.684,2024-09-17 00:38:58.686,ST_gEk,ST_DdP
19,20240917_Wnx5SW,ebike,2024-09-17 00:08:49.893,2024-09-17 00:22:43.582,ST_cIS,ST_j10
20,20240917_ohCPuR,ebike,2024-09-17 00:09:12.584,2024-09-17 00:21:19.129,ST_yO0,ST_JFV
21,20240917_D6sonM,ebike,2024-09-17 00:07:20.772,2024-09-17 00:13:27.049,ST_9QG,ST_PJm
22,20240917_8C56Kv,mechanical,2024-09-17 00:20:17.885,2024-09-17 00:38:00.223,ST_hiq,ST_M1X
23,20240917_z5sGfm,ebike,2024-09-17 00:16:26.075,2024-09-17 05:53:26.951,ST_BVh,ST_CqW
24,20240917_iR2uKl,ebike,2024-09-17 00:00:33.156,2024-09-17 00:15:39.905,ST_BFZ,ST_tpC
26,20240917_cAErnx,ebike,2024-09-17 00:06:30.517,2024-09-17 00:12:18.366,ST_Xih,ST_jau
27,20240917_VzwAo1,ebike,2024-09-17 00:23:34.301,2024-09-17 00:26:30.006,ST_rz0,ST_3ZT
28,20240917_6ks0Id,ebike,2024-09-17 00:22:04.546,2024-09-17 00:29:26.373,ST_pmJ,ST_3lC
29,20240917_pmLCqL,mechanical,2024-09-17 00:05:35.127,2024-09-17 00:14:08.479,ST_zI2,ST_Oxt
30,20240917_ESvU5k,mechanical,2024-09-17 00:10:09.187,2024-09-17 00:25:48.205,ST_THO,ST_xrz
31,20240917_hXHx5B,ebike,2024-09-17 00:04:07.588,2024-09-17 00:24:31.721,ST_MTc,ST_aeF
32,20240917_mGnE2s,ebike,2024-09-17 00:19:35.304,2024-09-17 00:26:30.310,ST_WNj,ST_iwZ
34,20240917_aAU1zv,ebike,2024-09-17 00:26:37.891,2024-09-17 00:37:32.891,ST_hBZ,ST_neq
35,20240917_zaoeJ2,mechanical,2024-09-17 00:29:19.244,2024-09-17 00:48:00.347,ST_hr8,ST_xFL
36,20240917_NnQZ9A,ebike,2024-09-17 00:25:35.430,2024-09-17 00:34:39.864,ST_TXF,ST_xw7
37,20240917_Ya2mcB,ebike,2024-09-17 00:25:50.901,2024-09-17 00:45:49.125,ST_DqK,ST_Ks6
38,20240917_z3EzzC,ebike,2024-09-17 00:25:32.780,2024-09-17 00:37:39.242,ST_hLV,ST_tRB
39,20240917_LlNhwX,mechanical,2024-09-17 00:25:56.107,2024-09-17 00:30:44.604,ST_frT,ST_Fb0
40,20240917_LGfKCO,mechanical,2024-09-17 00:12:57.198,2024-09-17 00:30:47.622,ST_n1C,ST_4LY
41,20240917_AKWQCV,ebike,2024-09-17 00:02:35.277,2024-09-17 00:12:25.604,ST_btF,ST_xhH
42,20240917_pXpBqD,ebike,2024-09-17 00:21:46.165,2024-09-17 00:29:20.597,ST_XGN,ST_0HE
43,20240917_V874iX,ebike,2024-09-17 00:11:46.094,2024-09-17 00:24:55.362,ST_ivY,ST_brL
44,20240917_eIWwLC,ebike,2024-09-17 00:24:10.173,2024-09-17 00:44:59.820,ST_6PO,ST_SWd
45,20240917_xpXa0H,ebike,2024-09-17 00:14:29.233,2024-09-17 00:20:09.547,ST_xw7,ST_hFR
46,20240917_Es1rwb,ebike,2024-09-17 00:21:23.590,2024-09-17 01:13:36.657,ST_zMj,ST_dKU
47,20240917_81NibE,ebike,2024-09-17 00:09:11.058,2024-09-17 00:26:07.379,ST_ope,ST_Yat
48,20240917_KmxILq,ebike,2024-09-17 00:06:21.965,2024-09-17 00:25:16.376,ST_QZV,ST_2iN
49,20240917_fk9X5r,ebike,2024-09-17 00:01:10.637,2024-09-17 00:12:30.269,ST_oFM,ST_ILA
51,20240917_7fVwXS,mechanical,2024-09-17 00:01:02.606,2024-09-17 00:05:40.898,ST_rNb,ST_brL
52,20240917_QsZ5PL,ebike,2024-09-17 00:10:04.731,2024-09-17 00:12:57.242,ST_CF9,ST_ZHH
53,20240917_tLBFFD,ebike,2024-09-17 00:06:22.716,2024-09-17 00:10:59.954,ST_IQh,ST_1mf
57,20240917_aYhjkz,ebike,2024-09-17 00:13:32.282,2024-09-17 00:25:07.410,ST_6D9,ST_LEb
59,20240917_BCUbGU,ebike,2024-09-17 00:29:51.008,2024-09-17 00:32:38.349,ST_Awo,ST_TQC
61,20240917_9XrI7m,ebike,2024-09-17 00:20:31.983,2024-09-17 00:28:45.464,ST_HGg,ST_scJ
62,20240917_yAPI4d,ebike,2024-09-17 00:29:07.302,2024-09-17 00:38:22.235,ST_Kn3,ST_Uiz
63,20240917_hp1qEq,ebike,2024-09-17 00:22:01.107,2024-09-17 00:30:04.060,ST_z8F,ST_1J6
64,20240917_7DpJKM,ebike,2024-09-17 00:06:00.319,2024-09-17 00:14:52.278,ST_HtL,ST_fzg
66,20240917_2CBQDF,ebike,2024-09-17 00:28:19.234,2024-09-17 00:45:18.542,ST_3Ee,ST_JFV
67,20240917_tjv1tj,mechanical,2024-09-17 00:15:44.126,2024-09-17 00:41:58.810,ST_ULg,ST_mdP
68,20240917_jQJmHw,ebike,2024-09-17 00:25:56.536,2024-09-17 01:01:28.013,ST_SWd,ST_XFU
70,20240917_fXV4C9,ebike,2024-09-17 00:26:55.555,2024-09-17 00:51:53.660,ST_7gV,ST_nAp
71,20240917_7f0ilT,mechanical,2024-09-17 00:05:42.230,2024-09-17 00:12:18.582,ST_YjE,ST_clJ
72,20240917_NI55cJ,ebike,2024-09-17 00:13:25.904,2024-09-17 00:31:14.859,ST_3ZT,ST_xEd
73,20240917_EOx9B4,mechanical,2024-09-17 00:12:18.159,2024-09-17 00:18:09.954,ST_e0L,ST_Xbk
76,20240917_sAYitu,ebike,2024-09-17 00:25:54.822,2024-09-17 00:32:25.983,ST_2iN,ST_kxw
77,20240917_s8Kw7o,mechanical,2024-09-17 00:47:37.963,2024-09-17 01:02:40.164,ST_Evm,ST_SQm
78,20240917_k5vWAp,mechanical,2024-09-17 00:50:40.915,2024-09-17 00:55:16.351,ST_e0W,ST_a6A
79,20240917_ROTjfF,ebike,2024-09-17 00:41:19.134,2024-09-17 00:43:39.278,ST_4xU,ST_4qX
80,20240917_Ty97ye,ebike,2024-09-17 00:52:06.273,2024-09-17 00:57:46.008,ST_oPx,ST_1HG
81,20240917_jhV8HK,mechanical,2024-09-17 00:56:24.215,2024-09-17 01:01:02.930,ST_YtG,ST_nrx
82,20240917_tHqp8n,ebike,2024-09-17 00:34:10.739,2024-09-17 00:36:12.895,ST_MhC,ST_qf1
83,20240917_jfx9EM,ebike,2024-09-17 00:35:45.865,2024-09-17 00:44:03.883,ST_xOW,ST_n1C
85,20240917_3FzvWU,ebike,2024-09-17 00:58:59.077,2024-09-17 01:11:46.964,ST_uDD,ST_UbR
87,20240917_Ch7Gqe,ebike,2024-09-17 00:36:25.684,2024-09-17 00:46:53.044,ST_3Wa,ST_Vd5
90,20240917_CJoN3E,ebike,2024-09-17 00:54:49.650,2024-09-17 00:59:00.473,ST_3lC,ST_8KF
92,20240917_SBewMq,ebike,2024-09-17 00:41:13.135,2024-09-17 00:52:47.198,ST_P9E,ST_1J6
93,20240917_mGXmfF,ebike,2024-09-17 00:45:03.575,2024-09-17 00:57:46.658,ST_SMs,ST_qf1
94,20240917_z0aR7U,ebike,2024-09-17 00:39:23.490,2024-09-17 00:45:48.733,ST_cLG,ST_bZU
96,20240917_KxJqOU,ebike,2024-09-17 00:56:22.513,2024-09-17 00:57:47.333,ST_dNe,ST_CAs
97,20240917_yPbXdn,ebike,2024-09-17 00:55:12.793,2024-09-17 01:32:07.705,ST_zWk,ST_eoe
98,20240917_oCjLtc,ebike,2024-09-17 00:49:54.040,2024-09-17 01:06:14.046,ST_Jpd,ST_9Ts
99,20240917_8dd7O2,ebike,2024-09-17 00:46:16.113,2024-09-17 00:57:46.738,ST_5yo,ST_u0M
100,20240917_Sd3Vli,mechanical,2024-09-17 00:47:30.776,2024-09-17 00:53:09.850,ST_gTQ,ST_oPx
101,20240917_PC4CKb,ebike,2024-09-17 00:45:47.253,2024-09-17 00:52:47.656,ST_ve1,ST_Usp
103,20240917_FJCgSn,ebike,2024-09-17 00:46:22.713,2024-09-17 00:56:10.933,ST_8RP,ST_nAp
105,20240917_nYMgJr,ebike,2024-09-17 00:49:07.845,2024-09-17 00:58:36.420,ST_M1X,ST_6w7
106,20240917_Ks0tLz,ebike,2024-09-17 00:57:53.888,2024-09-17 01:17:14.844,ST_1hT,ST_KvA
110,20240917_7nRQzP,mechanical,2024-09-17 00:42:04.386,2024-09-17 00:46:25.939,ST_Izb,ST_J8E
111,20240917_0u5XaF,ebike,2024-09-17 00:56:21.543,2024-09-17 01:04:01.072,ST_miH,ST_xhp
112,20240917_ay3nLr,ebike,2024-09-17 00:56:53.720,2024-09-17 01:14:58.765,ST_wRm,ST_SMs
115,20240917_Fm8QqU,ebike,2024-09-17 00:54:00.006,2024-09-17 01:11:52.190,ST_CTA,ST_EXz
117,20240917_i2VGJR,ebike,2024-09-17 00:58:51.219,2024-09-17 01:11:40.779,ST_fgs,ST_CqW
119,20240917_sbmHML,mechanical,2024-09-17 00:38:45.547,2024-09-17 01:09:02.792,ST_HSA,ST_yQf
121,20240917_bAfiUM,ebike,2024-09-17 00:54:19.097,2024-09-17 01:04:33.248,ST_lYP,ST_Izb
122,20240917_lztcXf,ebike,2024-09-17 00:38:55.795,2024-09-17 01:18:23.798,ST_4XI,ST_eoe
124,20240917_WNDfIh,ebike,2024-09-17 00:47:45.315,2024-09-17 01:10:27.479,ST_sSb,ST_znt
125,20240917_EEjKpV,ebike,2024-09-17 00:30:20.445,2024-09-17 00:36:05.356,ST_CBw,ST_wWm
127,20240917_T3O8Au,ebike,2024-09-17 01:06:33.105,2024-09-17 01:13:14.594,ST_xXF,ST_dMp
128,20240917_oeOrig,mechanical,2024-09-17 01:17:29.909,2024-09-17 01:22:53.251,ST_04i,ST_Ejz
129,20240917_4FN2Iu,ebike,2024-09-17 01:18:14.568,2024-09-17 01:23:49.830,ST_ccT,ST_FDI
130,20240917_08BF8g,mechanical,2024-09-17 01:26:14.513,2024-09-17 01:33:57.098,ST_KSe,ST_M1X
131,20240917_KivJye,ebike,2024-09-17 01:10:35.243,2024-09-17 01:12:11.757,ST_UHM,ST_0Vd
134,20240917_Fs1ERr,mechanical,2024-09-17 01:28:08.671,2024-09-17 01:38:20.797,ST_uJ9,ST_7rT
135,20240917_QQXJdV,ebike,2024-09-17 01:05:20.509,2024-09-17 01:06:41.620,ST_j10,ST_C2h
137,20240917_AtY8Fr,mechanical,2024-09-17 01:28:26.248,2024-09-17 01:38:46.984,ST_DEg,ST_iip
139,20240917_Tbwck1,mechanical,2024-09-17 01:13:40.030,2024-09-17 01:27:05.670,ST_OBl,ST_PzV
140,20240917_4RWmWf,ebike,2024-09-17 01:08:41.740,2024-09-17 01:15:45.057,ST_xc3,ST_hBZ
141,20240917_throxA,mechanical,2024-09-17 01:11:05.469,2024-09-17 01:15:22.417,ST_uO4,ST_2SL
142,20240917_J3lhOQ,ebike,2024-09-17 01:18:20.628,2024-09-17 01:21:18.094,ST_Swb,ST_3vI
143,20240917_VS7A1t,ebike,2024-09-17 01:22:03.269,2024-09-17 01:29:00.620,ST_CuG,ST_kCN
144,20240917_sfBtau,ebike,2024-09-17 01:04:56.135,2024-09-17 01:17:20.346,ST_C8a,ST_uEl
146,20240917_EMJSOY,ebike,2024-09-17 01:05:35.532,2024-09-17 01:34:01.196,ST_dQs,ST_IOM
148,20240917_nR8Uta,ebike,2024-09-17 01:08:40.832,2024-09-17 01:27:48.245,ST_zOO,ST_WFT
149,20240917_VFNvu6,ebike,2024-09-17 01:01:41.426,2024-09-17 01:07:04.659,ST_a77,ST_YPM
150,20240917_n6poXU,ebike,2024-09-17 01:11:46.852,2024-09-17 01:22:19.379,ST_ADB,ST_Jpd
153,20240917_4GPKoa,ebike,2024-09-17 01:20:09.841,2024-09-17 01:29:07.456,ST_a7j,ST_Erc
154,20240917_SojNwM,ebike,2024-09-17 01:21:20.954,2024-09-17 01:27:11.593,ST_EHV,ST_8hv
157,20240917_BZwHJy,mechanical,2024-09-17 01:13:06.952,2024-09-17 01:19:39.903,ST_Tjy,ST_ye9
159,20240917_gJWKHm,ebike,2024-09-17 01:08:10.792,2024-09-17 01:13:30.226,ST_Irs,ST_qF6
160,20240917_MWo4nj,ebike,2024-09-17 01:24:27.946,2024-09-17 01:35:13.611,ST_yT4,ST_sdC
161,20240917_esyEoL,mechanical,2024-09-17 01:30:33.570,2024-09-17 01:48:15.789,ST_dAV,ST_Kn3
162,20240917_89dlwb,ebike,2024-09-17 01:33:37.346,2024-09-17 01:36:07.258,ST_eG5,ST_vYB
163,20240917_bquUqp,mechanical,2024-09-17 01:34:21.431,2024-09-17 07:37:59.541,ST_bJv,ST_FAB
164,20240917_yHuI5o,ebike,2024-09-17 01:43:30.589,2024-09-17 01:50:34.645,ST_AY1,ST_OlQ
165,20240917_Vp1FKz,ebike,2024-09-17 01:36:43.501,2024-09-17 01:51:19.377,ST_6q4,ST_Q1l
169,20240917_kZMoE9,ebike,2024-09-17 01:59:54.000,2024-09-17 02:06:59.724,ST_CAs,ST_7rT
171,20240917_Sw1zmg,ebike,2024-09-17 01:34:21.540,2024-09-17 01:45:09.948,ST_clk,ST_M0s
175,20240917_BsLLT4,ebike,2024-09-17 01:54:08.730,2024-09-17 02:21:01.007,ST_YDI,ST_FPY
176,20240917_cP8XYU,ebike,2024-09-17 01:51:27.771,2024-09-17 02:15:36.559,ST_lBD,ST_UbR
178,20240917_9G26qk,mechanical,2024-09-17 01:45:28.244,2024-09-17 01:51:56.326,ST_zFx,ST_mO4
179,20240917_JTgfN5,ebike,2024-09-17 01:38:11.814,2024-09-17 02:15:08.856,ST_onk,ST_L4E
181,20240917_VSMXii,ebike,2024-09-17 01:55:00.156,2024-09-17 01:58:53.136,ST_p5B,ST_cbE
183,20240917_qnPNkr,ebike,2024-09-17 01:44:04.460,2024-09-17 02:07:39.348,ST_XcB,ST_ZTu
186,20240917_8bh3VZ,ebike,2024-09-17 02:05:10.603,2024-09-17 02:30:26.222,ST_90Y,ST_C2h
187,20240917_WqtT2W,ebike,2024-09-17 02:27:11.600,2024-09-17 03:17:44.670,ST_stL,ST_ILA
188,20240917_bXFsyY,ebike,2024-09-17 02:12:08.558,2024-09-17 02:16:55.833,ST_dGm,ST_cHE
189,20240917_g3c1Ak,mechanical,2024-09-17 02:23:42.184,2024-09-17 02:30:10.881,ST_mdP,ST_z97
191,20240917_mTQJWq,ebike,2024-09-17 02:03:31.508,2024-09-17 02:30:52.505,ST_WFT,ST_Fb0
193,20240917_IGoN7U,ebike,2024-09-17 02:16:32.174,2024-09-17 02:28:28.828,ST_4tH,ST_iXY
194,20240917_o7DLbe,ebike,2024-09-17 02:14:46.667,2024-09-17 03:24:43.202,ST_7XR,ST_T0o
195,20240917_8i7rmC,ebike,2024-09-17 02:04:18.816,2024-09-17 02:09:39.296,ST_FvO,ST_clk
196,20240917_33XMbb,mechanical,2024-09-17 02:20:57.483,2024-09-17 02:26:51.402,ST_p0U,ST_GdP
200,20240917_oAu0k1,mechanical,2024-09-17 02:16:39.324,2024-09-17 02:25:24.267,ST_WzZ,ST_s4p
202,20240917_TQbL6E,ebike,2024-09-17 02:26:03.120,2024-09-17 02:32:44.255,ST_VNy,ST_2AA
203,20240917_7jPdY8,mechanical,2024-09-17 02:01:07.909,2024-09-17 02:39:07.413,ST_RLR,ST_iwZ
209,20240917_VwffDH,ebike,2024-09-17 02:32:33.612,2024-09-17 02:44:42.150,ST_z97,ST_h0m
210,20240917_6hpsYv,ebike,2024-09-17 02:56:42.183,2024-09-17 02:59:41.698,ST_IVk,ST_sSb
212,20240917_Nzp7HJ,ebike,2024-09-17 02:58:11.536,2024-09-17 03:12:27.898,ST_z9F,ST_cbE
213,20240917_PYCWCL,mechanical,2024-09-17 02:44:45.957,2024-09-17 02:54:40.697,ST_vms,ST_w3d
215,20240917_Yg32Vj,ebike,2024-09-17 02:48:54.068,2024-09-17 03:01:37.133,ST_2Ic,ST_zIo
216,20240917_JqavRI,ebike,2024-09-17 02:42:06.870,2024-09-17 02:45:35.156,ST_Sv5,ST_oRh
217,20240917_YCFZU3,ebike,2024-09-17 02:54:34.964,2024-09-17 03:03:32.532,ST_Fcx,ST_oFM
218,20240917_9ulPO7,mechanical,2024-09-17 02:43:18.347,2024-09-17 04:27:44.970,ST_NBn,ST_iip
220,20240917_hK6ENJ,mechanical,2024-09-17 02:59:40.789,2024-09-17 03:08:45.079,ST_d8Y,ST_MZa
223,20240917_R9GJlM,mechanical,2024-09-17 03:25:35.402,2024-09-17 03:36:49.686,ST_czY,ST_brL
225,20240917_sfKapm,ebike,2024-09-17 03:04:46.813,2024-09-17 03:46:06.658,ST_amw,ST_oQk
226,20240917_ATzRx2,mechanical,2024-09-17 03:00:54.447,2024-09-17 03:01:59.473,ST_UUw,ST_AsQ
227,20240917_mNMwhi,ebike,2024-09-17 03:21:06.465,2024-09-17 03:29:10.967,ST_uPP,ST_KCT
232,20240917_4w2aCG,mechanical,2024-09-17 03:17:48.149,2024-09-17 03:28:18.773,ST_PBY,ST_Wki
234,20240917_HYlgKh,ebike,2024-09-17 03:11:46.550,2024-09-17 03:32:15.775,ST_u0M,ST_Uwx
236,20240917_gAez2q,ebike,2024-09-17 03:36:36.652,2024-09-17 03:59:22.910,ST_ILA,ST_HGd
237,20240917_dBV9uS,ebike,2024-09-17 03:45:23.594,2024-09-17 03:52:58.544,ST_isB,ST_FJ1
240,20240917_o7odh5,ebike,2024-09-17 03:50:56.719,2024-09-17 03:57:26.016,ST_RZf,ST_nZN
242,20240917_eoAHHo,mechanical,2024-09-17 03:32:31.668,2024-09-17 04:13:09.224,ST_nrx,ST_8g1
243,20240917_Zjv1TI,ebike,2024-09-17 03:35:12.092,2024-09-17 03:47:56.110,ST_ZE7,ST_c0n
244,20240917_I0aP0a,ebike,2024-09-17 03:50:00.977,2024-09-17 04:03:20.983,ST_QGL,ST_iip
245,20240917_dVjAns,ebike,2024-09-17 03:51:21.642,2024-09-17 04:17:38.094,ST_KvA,ST_mgZ
246,20240917_9OvHQa,ebike,2024-09-17 03:43:26.693,2024-09-17 04:06:48.618,ST_bOA,ST_P5k
248,20240917_CzCf0Z,ebike,2024-09-17 03:30:32.576,2024-09-17 03:36:00.149,ST_wge,ST_kwj
253,20240917_lycmJx,ebike,2024-09-17 04:25:53.030,2024-09-17 04:32:28.660,ST_xhp,ST_0v7
254,20240917_8zTnqd,ebike,2024-09-17 04:19:30.103,2024-09-17 04:35:18.347,ST_zk8,ST_FDI
255,20240917_v6gyQR,ebike,2024-09-17 04:13:39.616,2024-09-17 04:39:47.697,ST_SQm,ST_On5
259,20240917_JIYmQi,ebike,2024-09-17 04:27:48.424,2024-09-17 04:32:56.355,ST_pvF,ST_FDI
261,20240917_2WmXVd,ebike,2024-09-17 04:46:02.111,2024-09-17 04:50:39.589,ST_nrk,ST_nun
262,20240917_qZErhD,ebike,2024-09-17 04:30:26.275,2024-09-17 04:49:14.272,ST_iwZ,ST_8M0
269,20240917_zvPYN0,ebike,2024-09-17 04:40:45.470,2024-09-17 04:46:53.399,ST_JFV,ST_7gV
270,20240917_5puQ53,ebike,2024-09-17 04:48:57.862,2024-09-17 04:54:33.372,ST_L8h,ST_eG5
275,20240917_8OpcjI,ebike,2024-09-17 04:58:38.457,2024-09-17 05:01:28.464,ST_FPY,ST_Ejz
276,20240917_RL2VdZ,ebike,2024-09-17 04:55:30.101,2024-09-17 05:18:03.231,ST_4LY,ST_EtJ
280,20240917_DF0SUI,ebike,2024-09-17 04:59:51.428,2024-09-17 05:08:13.622,ST_9PW,ST_GWx
281,20240917_BcYG51,ebike,2024-09-17 05:07:17.245,2024-09-17 05:16:23.419,ST_b8o,ST_GdP
282,20240917_lNmlmx,mechanical,2024-09-17 05:18:09.414,2024-09-17 05:30:06.088,ST_YEj,ST_a43
284,20240917_1xm1qF,ebike,2024-09-17 05:10:12.784,2024-09-17 05:15:18.300,ST_WoW,ST_ImW
285,20240917_QZkqxv,mechanical,2024-09-17 05:04:34.044,2024-09-17 05:10:29.200,ST_zbr,ST_amB
286,20240917_FtBTrU,ebike,2024-09-17 05:25:45.269,2024-09-17 05:31:48.554,ST_XY3,ST_9Ts
287,20240917_ZHLrSb,ebike,2024-09-17 05:16:55.452,2024-09-17 05:22:40.662,ST_MVb,ST_UHM
289,20240917_AgSIIw,ebike,2024-09-17 05:19:54.168,2024-09-17 05:24:13.153,ST_gAj,ST_a43
291,20240917_zrKuOq,ebike,2024-09-17 05:21:49.068,2024-09-17 05:26:44.189,ST_Nri,ST_DPJ
294,20240917_Ot2Egi,ebike,2024-09-17 05:01:58.978,2024-09-17 05:10:10.159,ST_mTg,ST_lIv
295,20240917_KNayRz,ebike,2024-09-17 05:21:50.047,2024-09-17 05:28:05.639,ST_Hat,ST_IVk
302,20240917_8kUBhe,mechanical,2024-09-17 05:26:31.978,2024-09-17 05:32:02.086,ST_zsr,ST_S42
303,20240917_tI9kWS,ebike,2024-09-17 05:26:12.724,2024-09-17 05:29:02.574,ST_PXB,ST_twi
304,20240917_CZ0ezM,ebike,2024-09-17 05:07:51.306,2024-09-17 05:11:49.874,ST_YpY,ST_CAs
305,20240917_2GwbKu,mechanical,2024-09-17 05:21:14.513,2024-09-17 05:36:19.545,ST_rbT,ST_0mC
306,20240917_fzQG55,ebike,2024-09-17 05:27:55.174,2024-09-17 05:41:22.200,ST_H9C,ST_RkG
307,20240917_l9jIGe,ebike,2024-09-17 05:02:33.963,2024-09-17 05:06:09.742,ST_3Jo,ST_r3T
313,20240917_l07IfA,ebike,2024-09-17 05:18:01.085,2024-09-17 05:35:57.259,ST_dKU,ST_xbB
314,20240917_kgoIwh,ebike,2024-09-17 05:04:05.195,2024-09-17 05:08:52.309,ST_nbB,ST_p0U
317,20240917_dXyyTJ,mechanical,2024-09-17 05:27:31.956,2024-09-17 05:30:41.914,ST_NQy,ST_fTL
318,20240917_8LpG7m,mechanical,2024-09-17 05:27:54.947,2024-09-17 05:42:35.730,ST_a43,ST_lZZ
321,20240917_U2t0JL,mechanical,2024-09-17 05:34:06.056,2024-09-17 05:38:37.604,ST_AgU,ST_RLR
324,20240917_pWu2gF,ebike,2024-09-17 05:50:11.743,2024-09-17 06:00:13.076,ST_Wzc,ST_XGN
326,20240917_Hx31Kq,mechanical,2024-09-17 05:31:14.760,2024-09-17 05:49:15.126,ST_K7S,ST_3Jo
327,20240917_3XtxlO,mechanical,2024-09-17 05:34:07.056,2024-09-17 06:01:22.829,ST_9Ts,ST_TQC
333,20240917_r5xapb,ebike,2024-09-17 05:43:06.314,2024-09-17 05:48:04.095,ST_hdf,ST_NBn
334,20240917_NjUEjn,mechanical,2024-09-17 05:40:00.583,2024-09-17 05:56:37.114,ST_VQH,ST_3lC
335,20240917_mFaUDL,ebike,2024-09-17 05:52:50.429,2024-09-17 05:55:21.713,ST_cu7,ST_6Mh
336,20240917_mTdgJX,mechanical,2024-09-17 05:44:45.466,2024-09-17 05:46:17.843,ST_UbR,ST_TFq
338,20240917_X1Tlin,ebike,2024-09-17 05:34:04.694,2024-09-17 05:41:14.497,ST_LEb,ST_nZN
340,20240917_5j5OLj,mechanical,2024-09-17 05:42:34.772,2024-09-17 05:47:48.886,ST_ZkA,ST_7qx
341,20240917_ooQ3dQ,ebike,2024-09-17 05:59:00.984,2024-09-17 06:00:20.302,ST_FsJ,ST_PJm
343,20240917_4ezgES,ebike,2024-09-17 05:53:00.688,2024-09-17 05:59:09.039,ST_1El,ST_0gT
344,20240917_cKiAci,ebike,2024-09-17 05:37:28.156,2024-09-17 05:40:10.933,ST_GTD,ST_GYv
345,20240917_a9PaiS,ebike,2024-09-17 05:47:54.346,2024-09-17 05:54:41.242,ST_Mow,ST_dQs
346,20240917_Z0j0Ya,mechanical,2024-09-17 05:43:59.283,2024-09-17 05:50:15.098,ST_neq,ST_Fb0
348,20240917_LuERfV,ebike,2024-09-17 05:55:14.636,2024-09-17 06:02:36.957,ST_pX8,ST_oFM
349,20240917_QXeeLT,ebike,2024-09-17 05:57:05.976,2024-09-17 05:59:56.763,ST_k10,ST_Hat
350,20240917_njtp7u,mechanical,2024-09-17 05:56:19.293,2024-09-17 06:03:53.212,ST_uyP,ST_iw9
351,20240917_dEEnZr,ebike,2024-09-17 05:42:41.184,2024-09-17 05:46:36.118,ST_Q1l,ST_CuG
352,20240917_aqiATp,mechanical,2024-09-17 05:55:05.950,2024-09-17 06:00:59.229,ST_PTh,ST_2Ue
355,20240917_vmAtEX,ebike,2024-09-17 05:34:26.097,2024-09-17 05:39:49.298,ST_4nO,ST_2HI
356,20240917_NQ8vV6,ebike,2024-09-17 05:58:07.591,2024-09-17 06:02:35.594,ST_JfK,ST_PJE
357,20240917_BJ6hMo,ebike,2024-09-17 05:56:23.908,2024-09-17 06:00:23.284,ST_PDi,ST_ivY
358,20240917_iondjL,ebike,2024-09-17 05:59:38.600,2024-09-17 06:02:54.211,ST_hFR,ST_zI2
359,20240917_u2Qi22,ebike,2024-09-17 05:40:45.499,2024-09-17 05:52:44.059,ST_clJ,ST_qRY
360,20240917_FQ4xpX,ebike,2024-09-17 05:30:54.533,2024-09-17 05:36:44.846,ST_w3d,ST_iwZ
361,20240917_MYEXkJ,ebike,2024-09-17 05:31:29.719,2024-09-17 05:46:10.135,ST_qys,ST_6w7
365,20240917_MbHyvq,mechanical,2024-09-17 05:52:14.513,2024-09-17 05:59:33.141,ST_dIW,ST_dAV
368,20240917_kBNgn4,ebike,2024-09-17 05:54:27.168,2024-09-17 06:09:01.593,ST_DPJ,ST_rF2
371,20240917_HBcDNU,ebike,2024-09-17 05:54:12.358,2024-09-17 05:57:56.977,ST_2AA,ST_kwj
375,20240917_R8GJ5q,ebike,2024-09-17 05:48:23.831,2024-09-17 05:52:07.699,ST_YAo,ST_3Wa
376,20240917_gUiCBc,ebike,2024-09-17 05:50:05.396,2024-09-17 05:56:55.942,ST_HfG,ST_cIw
381,20240917_H7iXRU,ebike,2024-09-17 05:38:20.022,2024-09-17 05:41:54.589,ST_Djq,ST_WJa
383,20240917_WVvLLy,mechanical,2024-09-17 05:39:58.739,2024-09-17 05:46:49.775,ST_t2c,ST_4tH
384,20240917_JUhP0Y,mechanical,2024-09-17 05:39:30.827,2024-09-17 05:43:44.489,ST_yHC,ST_2Ag
386,20240917_MNPDa8,ebike,2024-09-17 05:59:21.929,2024-09-17 06:04:40.553,ST_WJa,ST_lzt
387,20240917_HI41lF,ebike,2024-09-17 05:48:28.826,2024-09-17 05:50:47.351,ST_czq,ST_zDK
393,20240917_n6gU8T,ebike,2024-09-17 05:50:15.354,2024-09-17 05:54:55.221,ST_IPj,ST_rRn
395,20240917_gaveYB,ebike,2024-09-17 05:55:12.813,2024-09-17 06:07:11.950,ST_0Jf,ST_1NQ
401,20240917_5UH5U9,ebike,2024-09-17 05:44:44.438,2024-09-17 05:47:54.365,ST_jxD,ST_Swb
404,20240917_nwjXCm,ebike,2024-09-17 06:16:06.714,2024-09-17 06:21:25.677,ST_H8x,ST_b8o
411,20240917_MXV0Va,ebike,2024-09-17 06:19:45.412,2024-09-17 06:23:42.638,ST_1xJ,ST_aeF
412,20240917_0jNh6x,ebike,2024-09-17 06:24:58.970,2024-09-17 06:29:49.868,ST_KJo,ST_oyI
415,20240917_SamXBU,mechanical,2024-09-17 06:25:34.193,2024-09-17 06:27:58.844,ST_Now,ST_PJm
416,20240917_LUdrlD,mechanical,2024-09-17 06:26:09.873,2024-09-17 07:00:03.986,ST_qbm,ST_2gk
417,20240917_lOeBfJ,mechanical,2024-09-17 06:26:32.694,2024-09-17 06:31:16.030,ST_BOR,ST_ycc
418,20240917_1eoru3,mechanical,2024-09-17 06:06:18.026,2024-09-17 06:08:40.246,ST_SjN,ST_JfK
423,20240917_Dob4dj,ebike,2024-09-17 06:05:25.774,2024-09-17 06:08:22.689,ST_3vI,ST_amB
424,20240917_clWmDM,mechanical,2024-09-17 06:12:53.640,2024-09-17 06:19:00.562,ST_0v7,ST_6w7
425,20240917_nReptb,ebike,2024-09-17 06:12:08.177,2024-09-17 06:14:55.600,ST_JEN,ST_zk8
427,20240917_uFZHoD,mechanical,2024-09-17 06:06:33.173,2024-09-17 06:10:32.976,ST_mgZ,ST_wWm
429,20240917_Yv34Sl,mechanical,2024-09-17 06:24:05.004,2024-09-17 06:38:09.654,ST_R1J,ST_SjN
430,20240917_VafRLW,mechanical,2024-09-17 06:25:07.709,2024-09-17 06:30:02.945,ST_rF2,ST_HGg
432,20240917_wrhT8v,ebike,2024-09-17 06:11:47.801,2024-09-17 06:22:48.225,ST_zIo,ST_0Up
435,20240917_dprl0j,mechanical,2024-09-17 06:24:01.722,2024-09-17 06:25:48.134,ST_T0o,ST_L4E
436,20240917_WFRP6Q,mechanical,2024-09-17 06:00:56.151,2024-09-17 06:02:48.231,ST_1HG,ST_8hv
437,20240917_W7hdNW,ebike,2024-09-17 06:17:46.974,2024-09-17 06:29:00.725,ST_yQf,ST_wNU
440,20240917_qsId5d,mechanical,2024-09-17 06:26:57.752,2024-09-17 06:29:45.300,ST_aMK,ST_BHt
446,20240917_EGi3b6,ebike,2024-09-17 06:14:32.038,2024-09-17 06:18:08.694,ST_dMp,ST_UgF
447,20240917_lUdZxZ,ebike,2024-09-17 06:17:24.223,2024-09-17 06:26:45.610,ST_aKA,ST_YPM
448,20240917_0sgw0V,mechanical,2024-09-17 06:18:58.572,2024-09-17 06:25:57.839,ST_Iz5,ST_NQy
450,20240917_zPpadW,mechanical,2024-09-17 06:14:00.246,2024-09-17 06:18:35.351,ST_3Zx,ST_xFL
452,20240917_7AKmmw,ebike,2024-09-17 06:22:57.087,2024-09-17 06:26:20.455,ST_hdr,ST_miH
456,20240917_uuWXvM,ebike,2024-09-17 06:24:20.486,2024-09-17 06:33:09.503,ST_KHH,ST_AgU
459,20240917_gozo4y,ebike,2024-09-17 06:12:50.424,2024-09-17 06:19:07.323,ST_VF1,ST_dVf
460,20240917_CJJQZd,ebike,2024-09-17 06:10:53.056,2024-09-17 06:45:25.948,ST_Zyt,ST_FAB
464,20240917_RPSqKi,ebike,2024-09-17 06:19:32.754,2024-09-17 06:24:54.566,ST_0Vd,ST_YDI
468,20240917_COtgCc,ebike,2024-09-17 06:07:16.839,2024-09-17 06:10:32.120,ST_Awj,ST_BHt
471,20240917_8dz0NP,mechanical,2024-09-17 06:23:44.499,2024-09-17 06:38:57.743,ST_2gk,ST_K4G
474,20240917_IUhAD6,ebike,2024-09-17 06:01:47.449,2024-09-17 06:05:19.752,ST_C2h,ST_HSA
475,20240917_zcMhrb,mechanical,2024-09-17 06:02:06.303,2024-09-17 06:31:08.217,ST_nAp,ST_WJa
477,20240917_TE9nDI,ebike,2024-09-17 06:28:56.648,2024-09-17 06:31:16.220,ST_mrz,ST_QFw
486,20240917_HHZLtP,mechanical,2024-09-17 06:10:53.761,2024-09-17 06:14:35.138,ST_6hS,ST_r3s
492,20240917_1KvvYh,ebike,2024-09-17 06:08:57.186,2024-09-17 06:18:37.994,ST_sf0,ST_Zyt
500,20240917_mBqC04,ebike,2024-09-17 06:17:21.981,2024-09-17 06:19:03.788,ST_dZ0,ST_P5k
509,20240917_1o2y8N,ebike,2024-09-17 06:09:26.951,2024-09-17 06:13:10.506,ST_3IK,ST_Vd5
516,20240917_pMmvxa,ebike,2024-09-17 06:26:47.059,2024-09-17 06:35:06.362,ST_1je,ST_23u
518,20240917_ZHBSbT,mechanical,2024-09-17 06:06:30.804,2024-09-17 06:13:50.737,ST_23u,ST_i1w
521,20240917_yAWisW,ebike,2024-09-17 06:26:54.590,2024-09-17 06:30:41.236,ST_qZL,ST_HGd
524,20240917_GQzTeH,ebike,2024-09-17 06:15:08.011,2024-09-17 06:30:50.221,ST_JHw,ST_rEH
525,20240917_Kl82GU,ebike,2024-09-17 06:26:33.850,2024-09-17 06:32:14.580,ST_YPM,ST_AOJ
529,20240917_xV9aJx,ebike,2024-09-17 06:15:11.119,2024-09-17 06:29:11.843,ST_dlh,ST_XVx
530,20240917_PF3FtR,ebike,2024-09-17 06:09:58.444,2024-09-17 06:12:32.459,ST_Q4F,ST_Wvf
533,20240917_DWiTlW,mechanical,2024-09-17 06:08:41.154,2024-09-17 06:41:17.263,ST_hs2,ST_ZE7
534,20240917_4vw8Wx,mechanical,2024-09-17 06:04:41.502,2024-09-17 06:11:33.085,ST_Rbf,ST_jxD
537,20240917_sWOXrf,ebike,2024-09-17 06:16:00.215,2024-09-17 06:18:43.572,ST_FKb,ST_kCN
540,20240917_RzlIoo,ebike,2024-09-17 06:24:39.358,2024-09-17 06:27:30.012,ST_p6P,ST_KHH
541,20240917_c85NOz,ebike,2024-09-17 06:27:31.592,2024-09-17 06:33:14.447,ST_4FO,ST_T0W
542,20240917_1ezZdb,ebike,2024-09-17 06:06:00.212,2024-09-17 06:09:59.199,ST_e6q,ST_2ky
548,20240917_plEjjO,mechanical,2024-09-17 06:58:07.342,2024-09-17 06:59:18.843,ST_6OE,ST_5F7
551,20240917_xzLQLX,ebike,2024-09-17 06:38:44.090,2024-09-17 06:47:13.844,ST_xrz,ST_8BR
553,20240917_MCMGq0,mechanical,2024-09-17 06:56:22.858,2024-09-17 06:59:06.980,ST_tfh,ST_YPM
556,20240917_czaBb3,ebike,2024-09-17 06:30:52.810,2024-09-17 06:36:38.481,ST_JB8,ST_ZNn
559,20240917_7xkxvq,ebike,2024-09-17 06:34:01.148,2024-09-17 06:50:18.984,ST_W81,ST_FsJ
561,20240917_yW0AKC,ebike,2024-09-17 06:41:14.953,2024-09-17 06:46:12.886,ST_xbB,ST_4AF
565,20240917_soNALI,ebike,2024-09-17 06:41:27.669,2024-09-17 06:49:54.156,ST_aq1,ST_5ZT
566,20240917_4slfY7,ebike,2024-09-17 06:47:17.281,2024-09-17 06:55:03.224,ST_gh8,ST_5Vr
567,20240917_ycyEDp,ebike,2024-09-17 06:31:25.113,2024-09-17 06:46:01.227,ST_BHt,ST_M0s
569,20240917_XNHu4n,mechanical,2024-09-17 06:33:33.868,2024-09-17 06:40:51.572,ST_7iZ,ST_ZNn
571,20240917_JrP4Fh,ebike,2024-09-17 06:40:12.404,2024-09-17 06:47:29.088,ST_CVS,ST_dIW
572,20240917_L3IcjG,ebike,2024-09-17 06:38:30.877,2024-09-17 06:42:21.040,ST_sZn,ST_IKo
581,20240917_V7GQwM,ebike,2024-09-17 06:58:24.151,2024-09-17 07:08:13.516,ST_fqm,ST_Aaf
582,20240917_UUocIg,ebike,2024-09-17 06:48:00.947,2024-09-17 06:52:33.644,ST_vVM,ST_6q4
584,20240917_4wplst,mechanical,2024-09-17 06:58:02.479,2024-09-17 07:00:01.766,ST_bZU,ST_3lC
591,20240917_D5Q87f,ebike,2024-09-17 06:51:32.288,2024-09-17 07:02:20.592,ST_DdP,ST_Bcf
596,20240917_XfD0iF,mechanical,2024-09-17 06:38:56.464,2024-09-17 06:44:00.539,ST_uBS,ST_2Ic
600,20240917_lHMWxD,ebike,2024-09-17 06:39:59.955,2024-09-17 06:55:55.787,ST_ijj,ST_ADB
602,20240917_0kYikr,ebike,2024-09-17 06:46:41.255,2024-09-17 06:51:56.021,ST_yjb,ST_4FO
607,20240917_mN9BZn,ebike,2024-09-17 06:54:42.969,2024-09-17 07:01:42.260,ST_0Up,ST_brL
609,20240917_9Vw3NN,ebike,2024-09-17 06:52:36.671,2024-09-17 07:02:54.776,ST_wYz,ST_RpW
613,20240917_MAoIB8,ebike,2024-09-17 06:35:42.928,2024-09-17 06:39:01.561,ST_hRb,ST_xFL
615,20240917_N5OC1g,ebike,2024-09-17 06:52:14.798,2024-09-17 06:55:31.734,ST_8BR,ST_c3o
616,20240917_iJ3YVv,mechanical,2024-09-17 06:57:13.728,2024-09-17 07:04:24.352,ST_4JJ,ST_Ks6
618,20240917_xkI438,mechanical,2024-09-17 06:52:37.620,2024-09-17 07:08:07.375,ST_kxw,ST_h9T
624,20240917_sMNPnV,mechanical,2024-09-17 06:51:51.920,2024-09-17 07:12:05.862,ST_lNp,ST_LBV
630,20240917_uBu2be,ebike,2024-09-17 06:50:37.551,2024-09-17 06:53:42.818,ST_UZ7,ST_Sy2
633,20240917_BWNaha,ebike,2024-09-17 06:48:50.677,2024-09-17 06:58:28.593,ST_0HE,ST_Q8D
638,20240917_pfHEWO,ebike,2024-09-17 06:32:09.562,2024-09-17 06:34:48.767,ST_Ks6,ST_4ud
643,20240917_oXA7WP,ebike,2024-09-17 06:33:48.720,2024-09-17 06:42:39.484,ST_HQP,ST_SjN
653,20240917_Le4wYm,ebike,2024-09-17 06:33:45.067,2024-09-17 06:42:58.693,ST_oso,ST_LgY
656,20240917_2NiczI,ebike,2024-09-17 06:49:02.136,2024-09-17 06:51:59.564,ST_fP7,ST_P65
660,20240917_tyZitQ,mechanical,2024-09-17 06:51:57.416,2024-09-17 07:00:48.084,ST_7rT,ST_9PW
665,20240917_AZLgzF,ebike,2024-09-17 06:56:41.836,2024-09-17 07:00:22.217,ST_r0u,ST_ti8
667,20240917_VVyHD7,ebike,2024-09-17 06:46:26.350,2024-09-17 06:58:35.286,ST_iw9,ST_mO4
668,20240917_4ImGaX,ebike,2024-09-17 06:34:42.237,2024-09-17 06:53:21.445,ST_uCU,ST_Nv0
670,20240917_1u5vps,ebike,2024-09-17 06:57:24.319,2024-09-17 07:01:21.921,ST_TFq,ST_Oon
671,20240917_0Kvjiq,ebike,2024-09-17 06:36:31.960,2024-09-17 06:49:07.455,ST_BS1,ST_xOW
675,20240917_CJLXup,mechanical,2024-09-17 06:41:42.255,2024-09-17 06:47:18.144,ST_6iw,ST_cu7
679,20240917_mi1Bhr,ebike,2024-09-17 06:41:18.444,2024-09-17 06:51:51.412,ST_VLd,ST_cPF
681,20240917_COnY6a,mechanical,2024-09-17 06:59:31.632,2024-09-17 07:07:16.547,ST_0ab,ST_CX9
683,20240917_fr3P8I,mechanical,2024-09-17 06:48:27.685,2024-09-17 07:00:37.420,ST_Hc7,ST_9YX
684,20240917_MlPqgC,ebike,2024-09-17 06:46:44.654,2024-09-17 06:54:28.040,ST_jzt,ST_SQm
685,20240917_zKoOab,ebike,2024-09-17 06:35:50.690,2024-09-17 06:51:08.998,ST_tRB,ST_J42
688,20240917_Z1MLbV,mechanical,2024-09-17 06:54:08.816,2024-09-17 07:07:54.111,ST_FJ1,ST_zsr
696,20240917_T3d9QD,mechanical,2024-09-17 06:48:29.737,2024-09-17 06:54:40.209,ST_UVT,ST_VQH
697,20240917_MlJEOf,ebike,2024-09-17 06:49:24.672,2024-09-17 06:56:31.549,ST_Usp,ST_h0m
700,20240917_do49Ts,mechanical,2024-09-17 06:46:33.829,2024-09-17 07:46:59.500,ST_K4G,ST_Uwx
701,20240917_u1E0SR,ebike,2024-09-17 06:39:49.368,2024-09-17 06:48:37.397,ST_5Vr,ST_Hat
707,20240917_vkiV5v,ebike,2024-09-17 06:53:52.145,2024-09-17 07:07:13.223,ST_SIL,ST_clJ
708,20240917_TG51a5,ebike,2024-09-17 06:50:35.124,2024-09-17 06:56:11.076,ST_6OM,ST_6q4
710,20240917_i03Fcj,ebike,2024-09-17 06:43:47.647,2024-09-17 06:51:30.733,ST_dRN,ST_okp
711,20240917_yXUTFW,ebike,2024-09-17 06:35:51.368,2024-09-17 06:38:31.609,ST_Fb0,ST_Djq
712,20240917_n8GBkb,mechanical,2024-09-17 06:41:14.805,2024-09-17 06:49:07.677,ST_jRh,ST_e0L
713,20240917_saTIMk,ebike,2024-09-17 06:43:13.596,2024-09-17 06:52:21.221,ST_wNU,ST_j3x
716,20240917_0TEi0X,ebike,2024-09-17 06:45:40.699,2024-09-17 06:53:06.347,ST_Fz9,ST_stL
717,20240917_dmxFTz,ebike,2024-09-17 06:31:22.699,2024-09-17 06:45:08.261,ST_ozb,ST_3ZT
718,20240917_a4fK1y,mechanical,2024-09-17 06:58:00.927,2024-09-17 07:03:35.542,ST_JRS,ST_pmJ
721,20240917_dklgf9,ebike,2024-09-17 06:56:19.350,2024-09-17 07:03:40.550,ST_yOz,ST_xUX
727,20240917_fXb1k7,ebike,2024-09-17 06:32:57.504,2024-09-17 06:35:54.380,ST_1ru,ST_iqN
731,20240917_ayb9Gm,ebike,2024-09-17 06:56:21.925,2024-09-17 07:03:46.455,ST_HGd,ST_SvC
734,20240917_Q7jop6,ebike,2024-09-17 06:51:50.621,2024-09-17 06:57:22.584,ST_UIO,ST_e6q
737,20240917_vwQVs6,ebike,2024-09-17 06:38:21.423,2024-09-17 06:42:11.046,ST_lIv,ST_K2R
743,20240917_DdBNS4,ebike,2024-09-17 06:30:15.608,2024-09-17 06:33:36.038,ST_ufH,ST_nUr
748,20240917_XyWvPr,ebike,2024-09-17 06:39:49.433,2024-09-17 06:47:04.034,ST_2HI,ST_RpW
752,20240917_UaJvPu,ebike,2024-09-17 06:44:34.976,2024-09-17 06:56:10.582,ST_ouV,ST_uPP
770,20240917_r46mn9,ebike,2024-09-17 06:46:57.329,2024-09-17 06:50:38.652,ST_cHE,ST_Hc7
772,20240917_MIRfbD,mechanical,2024-09-17 06:43:33.664,2024-09-17 06:54:10.335,ST_jDL,ST_fn0
782,20240917_bs7BmH,ebike,2024-09-17 06:50:53.266,2024-09-17 06:56:02.747,ST_k8p,ST_3vI
787,20240917_8OYrDU,ebike,2024-09-17 06:33:52.034,2024-09-17 06:39:47.199,ST_gJY,ST_S42
789,20240917_AtGjmB,ebike,2024-09-17 06:36:32.227,2024-09-17 06:50:43.379,ST_Ny3,ST_5yo
793,20240917_wczuOC,ebike,2024-09-17 06:35:46.503,2024-09-17 06:43:14.581,ST_GaP,ST_NQy
798,20240917_8i1w0s,mechanical,2024-09-17 06:34:14.659,2024-09-17 06:42:59.152,ST_RIm,ST_wge
800,20240917_JxpvZu,ebike,2024-09-17 06:38:44.813,2024-09-17 06:43:01.995,ST_i1w,ST_YbV
803,20240917_S8kAPj,mechanical,2024-09-17 07:21:22.135,2024-09-17 07:25:55.561,ST_M0s,ST_ouV
806,20240917_w6N4g2,ebike,2024-09-17 07:16:04.838,2024-09-17 07:28:34.936,ST_9YX,ST_zbr
808,20240917_Wb8MhH,mechanical,2024-09-17 07:20:48.227,2024-09-17 07:22:10.855,ST_CqW,ST_hdf
812,20240917_BmiWXv,mechanical,2024-09-17 07:22:58.302,2024-09-17 07:34:50.435,ST_iyI,ST_WFT
839,20240917_vjHUC3,mechanical,2024-09-17 07:28:54.855,2024-09-17 07:34:42.401,ST_cPF,ST_DdP
840,20240917_uobCMw,ebike,2024-09-17 07:16:13.491,2024-09-17 07:30:16.954,ST_brL,ST_4fW
845,20240917_scBIh5,mechanical,2024-09-17 07:02:10.518,2024-09-17 07:19:08.497,ST_h0m,ST_rF2
848,20240917_hnpLiQ,ebike,2024-09-17 07:12:40.783,2024-09-17 07:14:20.777,ST_MSo,ST_RpW
850,20240917_YJZxlW,ebike,2024-09-17 07:06:12.251,2024-09-17 07:14:21.244,ST_GWx,ST_23u
852,20240917_Mjl928,ebike,2024-09-17 07:12:33.565,2024-09-17 07:20:48.364,ST_W18,ST_a43
853,20240917_A2JMs7,ebike,2024-09-17 07:13:50.881,2024-09-17 07:20:40.519,ST_kYi,ST_cbE
858,20240917_AjQ44D,ebike,2024-09-17 07:17:12.281,2024-09-17 07:30:39.493,ST_oQk,ST_zIo
863,20240917_Bjewvb,ebike,2024-09-17 07:26:40.726,2024-09-17 07:36:08.920,ST_cIw,ST_wge
864,20240917_0VLb7I,ebike,2024-09-17 07:04:14.081,2024-09-17 07:10:30.121,ST_Nvg,ST_xrz
867,20240917_5rMPCK,mechanical,2024-09-17 07:06:07.738,2024-09-17 07:19:23.519,ST_ti8,ST_xbB
869,20240917_haI50F,ebike,2024-09-17 07:08:09.974,2024-09-17 07:13:23.591,ST_RlU,ST_YPM
871,20240917_QPgZBY,ebike,2024-09-17 07:07:17.958,2024-09-17 07:12:44.139,ST_BKP,ST_nbB
881,20240917_zyLBvy,ebike,2024-09-17 07:10:56.029,2024-09-17 07:22:58.489,ST_iqN,ST_JRq
882,20240917_2veVhA,mechanical,2024-09-17 07:23:49.778,2024-09-17 07:33:32.686,ST_YbV,ST_tRB
884,20240917_nPthW0,ebike,2024-09-17 07:14:27.643,2024-09-17 07:31:48.878,ST_s4p,ST_SIL
891,20240917_aDLONa,mechanical,2024-09-17 07:16:24.587,2024-09-17 07:17:29.715,ST_amB,ST_ADB
897,20240917_u83qtH,ebike,2024-09-17 07:29:28.660,2024-09-17 07:45:29.919,ST_7Ys,ST_rtj
898,20240917_beVcZd,mechanical,2024-09-17 07:08:03.669,2024-09-17 07:15:43.888,ST_2Ue,ST_h9T
900,20240917_hzKqP7,mechanical,2024-09-17 07:10:41.554,2024-09-17 07:29:20.876,ST_1J6,ST_ufH
902,20240917_uCS11x,ebike,2024-09-17 07:09:05.217,2024-09-17 07:15:37.091,ST_C4z,ST_U8F
907,20240917_y4UBot,ebike,2024-09-17 07:24:46.986,2024-09-17 07:43:37.137,ST_FUZ,ST_ImW
913,20240917_wN7770,mechanical,2024-09-17 07:14:34.634,2024-09-17 07:24:59.174,ST_4AF,ST_XFU
914,20240917_77AJuB,mechanical,2024-09-17 07:12:50.622,2024-09-17 07:16:30.164,ST_ijO,ST_1ru
918,20240917_CjyNqP,ebike,2024-09-17 07:20:18.048,2024-09-17 07:37:24.716,ST_XYg,ST_WzZ
926,20240917_NtoiAl,ebike,2024-09-17 07:28:39.786,2024-09-17 07:32:24.682,ST_Q8D,ST_wWm
930,20240917_JG25zO,ebike,2024-09-17 07:22:47.037,2024-09-17 07:27:20.356,ST_okp,ST_eq0
932,20240917_FJZn5a,ebike,2024-09-17 07:16:54.858,2024-09-17 07:20:44.870,ST_7qx,ST_Xih
934,20240917_I1sN45,ebike,2024-09-17 07:13:37.975,2024-09-17 07:35:58.106,ST_aaS,ST_PDi
942,20240917_ZzkkEP,ebike,2024-09-17 07:24:12.721,2024-09-17 07:32:23.873,ST_Wvf,ST_5Vr
946,20240917_fw5ZnJ,ebike,2024-09-17 07:08:20.783,2024-09-17 07:10:14.731,ST_L4E,ST_sSb
949,20240917_GptlUQ,mechanical,2024-09-17 07:02:11.838,2024-09-17 07:03:36.278,ST_pou,ST_sdC
952,20240917_JC3TGH,ebike,2024-09-17 07:23:43.108,2024-09-17 07:33:34.300,ST_rod,ST_qF6
958,20240917_pVmSOQ,ebike,2024-09-17 07:16:31.719,2024-09-17 07:25:12.809,ST_RpW,ST_RIm
959,20240917_uRbiIB,ebike,2024-09-17 07:18:46.168,2024-09-17 07:32:45.503,ST_X6z,ST_H8x
970,20240917_1eFEhJ,ebike,2024-09-17 07:18:07.395,2024-09-17 07:40:09.855,ST_1NQ,ST_xpt
975,20240917_FZPZNG,ebike,2024-09-17 07:08:13.756,2024-09-17 07:17:55.343,ST_TEl,ST_xEf
991,20240917_XlvodU,mechanical,2024-09-17 07:22:25.764,2024-09-17 07:24:18.028,ST_K2R,ST_stL
1009,20240917_Fyf2ll,mechanical,2024-09-17 07:12:14.891,2024-09-17 07:25:27.920,ST_GdP,ST_6q4
1012,20240917_1FsRFH,ebike,2024-09-17 07:03:05.002,2024-09-17 07:10:53.624,ST_ZTu,ST_IVk
1015,20240917_gDUfzV,ebike,2024-09-17 07:03:23.519,2024-09-17 07:09:43.772,ST_r3T,ST_8Ag
1017,20240917_0c6dzj,ebike,2024-09-17 07:08:09.425,2024-09-17 07:36:02.030,ST_xUX,ST_LEb
1027,20240917_NITvGg,mechanical,2024-09-17 07:12:09.206,2024-09-17 07:44:34.116,ST_twi,ST_ccT
1041,20240917_mzWzEW,ebike,2024-09-17 07:44:05.311,2024-09-17 07:50:12.744,ST_Kyw,ST_wNU
1047,20240917_58UfFk,ebike,2024-09-17 07:36:20.602,2024-09-17 07:48:48.573,ST_fTL,ST_y4h
1050,20240917_xgy2Q0,ebike,2024-09-17 07:53:30.358,2024-09-17 07:58:32.532,ST_GYv,ST_yHC
1056,20240917_qKxnPg,ebike,2024-09-17 07:39:14.602,2024-09-17 07:45:23.801,ST_gUw,ST_CTA
1068,20240917_MG4Txc,ebike,2024-09-17 07:43:56.047,2024-09-17 07:57:33.221,ST_xFL,ST_bOA
1072,20240917_brp1BU,ebike,2024-09-17 07:50:32.164,2024-09-17 07:57:58.292,ST_mO4,ST_ZNn
1078,20240917_7jA7On,ebike,2024-09-17 07:58:39.522,2024-09-17 08:01:56.517,ST_YLE,ST_5yo
1085,20240917_wsGNNi,ebike,2024-09-17 07:35:40.103,2024-09-17 07:41:56.251,ST_a6A,ST_Rbf
1086,20240917_mm8CrF,ebike,2024-09-17 07:53:32.376,2024-09-17 08:00:45.056,ST_SfZ,ST_1ru
1095,20240917_03jn7K,mechanical,2024-09-17 07:54:57.509,2024-09-17 07:56:15.869,ST_LgY,ST_Q4F
1111,20240917_JaugEK,ebike,2024-09-17 07:59:16.051,2024-09-17 08:20:03.066,ST_fiF,ST_0gT
1125,20240917_kJOCbx,mechanical,2024-09-17 07:54:37.970,2024-09-17 08:02:21.268,ST_rtj,ST_7Ys
1129,20240917_28N7jJ,mechanical,2024-09-17 07:35:26.107,2024-09-17 07:51:33.311,ST_P65,ST_NQy
1136,20240917_JHRJVp,ebike,2024-09-17 07:36:59.111,2024-09-17 07:40:51.870,ST_UTN,ST_j10
1137,20240917_M1UJsM,mechanical,2024-09-17 07:44:58.539,2024-09-17 07:48:22.226,ST_yTI,ST_jRh
1139,20240917_k3Gtc8,ebike,2024-09-17 07:30:22.225,2024-09-17 07:51:37.575,ST_Oxt,ST_lzt
1142,20240917_yc11YE,mechanical,2024-09-17 07:58:50.086,2024-09-17 08:06:08.639,ST_9ud,ST_scJ
1147,20240917_QVNzHF,ebike,2024-09-17 07:53:07.904,2024-09-17 07:54:26.471,ST_573,ST_Hpy
1151,20240917_y2artW,mechanical,2024-09-17 07:54:48.617,2024-09-17 08:04:25.202,ST_9zw,ST_GWx
1160,20240917_JheKJi,ebike,2024-09-17 07:37:24.027,2024-09-17 07:41:51.899,ST_Nv0,ST_3K3
1162,20240917_5gDnYh,ebike,2024-09-17 07:50:46.863,2024-09-17 08:00:35.631,ST_GkB,ST_r3T
1172,20240917_rr4BLh,mechanical,2024-09-17 07:42:54.268,2024-09-17 08:00:01.641,ST_0gT,ST_abZ
1210,20240917_UTTnrl,ebike,2024-09-17 07:33:02.831,2024-09-17 07:36:20.382,ST_6Mh,ST_6hS
1222,20240917_3iGkhx,ebike,2024-09-17 07:43:41.084,2024-09-17 07:46:30.901,ST_FDI,ST_4PJ
1231,20240917_7nUpP3,ebike,2024-09-17 07:35:18.694,2024-09-17 07:42:56.654,ST_iip,ST_DqK
1237,20240917_n8EPwc,mechanical,2024-09-17 07:55:42.142,2024-09-17 08:12:37.440,ST_liH,ST_7O5
1241,20240917_XgZ79y,mechanical,2024-09-17 07:42:59.892,2024-09-17 07:46:37.869,ST_ETP,ST_uBS
1242,20240917_gHVbUm,mechanical,2024-09-17 07:41:59.871,2024-09-17 08:03:05.179,ST_AOJ,ST_rRn
1244,20240917_iKn78h,ebike,2024-09-17 07:33:22.051,2024-09-17 07:46:30.326,ST_CX9,ST_aaS
1272,20240917_ERezoR,mechanical,2024-09-17 07:49:58.683,2024-09-17 07:53:39.414,ST_IOM,ST_oyI
1282,20240917_rik3ZV,ebike,2024-09-17 07:35:05.744,2024-09-17 07:56:38.387,ST_J42,ST_ti8
1307,20240917_s6SW6b,ebike,2024-09-17 07:36:35.207,2024-09-17 07:42:51.169,ST_kwj,ST_zuk
1310,20240917_VQbTlU,ebike,2024-09-17 07:51:32.773,2024-09-17 08:03:38.605,ST_gAl,ST_Zyt
1312,20240917_o7ws8K,ebike,2024-09-17 07:57:00.621,2024-09-17 08:00:31.130,ST_y4h,ST_Rbf
1331,20240917_gBDhdM,ebike,2024-09-17 07:44:19.445,2024-09-17 07:50:30.003,ST_3K3,ST_8KF
1339,20240917_LjgTHi,ebike,2024-09-17 07:41:11.920,2024-09-17 07:47:08.004,ST_Uiz,ST_LEb
1350,20240917_J8ckYl,ebike,2024-09-17 07:52:36.994,2024-09-17 07:54:43.079,ST_MTN,ST_S42
1361,20240917_jpq8G2,ebike,2024-09-17 07:49:13.964,2024-09-17 07:56:36.848,ST_MIE,ST_wNU
1366,20240917_8nm7nl,ebike,2024-09-17 07:30:35.462,2024-09-17 07:36:45.760,ST_ZFM,ST_wRm
1367,20240917_5vJpJB,ebike,2024-09-17 07:45:02.186,2024-09-17 08:02:52.165,ST_rEH,ST_TEl
1369,20240917_L4xZZy,ebike,2024-09-17 08:27:00.337,2024-09-17 08:42:19.952,ST_aeF,ST_p5F
1372,20240917_LLT7CV,mechanical,2024-09-17 08:08:58.624,2024-09-17 08:42:44.329,ST_r3s,ST_CAs
1381,20240917_2S7MK9,ebike,2024-09-17 08:20:59.115,2024-09-17 08:28:57.036,ST_bxb,ST_oyI
1383,20240917_Ug7NBD,ebike,2024-09-17 08:24:25.534,2024-09-17 08:26:15.415,ST_iKn,ST_1J6
1387,20240917_pxGFQf,ebike,2024-09-17 08:20:32.395,2024-09-17 08:25:37.536,ST_yqe,ST_oyI
1392,20240917_YdXiEg,mechanical,2024-09-17 08:04:06.805,2024-09-17 08:25:44.741,ST_eUZ,ST_JCE
1400,20240917_O7Dd6C,ebike,2024-09-17 08:19:55.408,2024-09-17 08:39:26.396,ST_M1f,ST_YLE
1408,20240917_WW2xJl,ebike,2024-09-17 08:20:01.011,2024-09-17 08:26:06.700,ST_TQC,ST_liH
1409,20240917_YBE1pl,ebike,2024-09-17 08:18:19.120,2024-09-17 08:23:34.257,ST_eq0,ST_oPx
1411,20240917_g9pNWh,mechanical,2024-09-17 08:18:33.608,2024-09-17 08:25:42.975,ST_2Ag,ST_amB
1412,20240917_TuydOg,ebike,2024-09-17 08:27:36.699,2024-09-17 08:38:26.681,ST_Sy2,ST_stL
1414,20240917_n9ZEii,mechanical,2024-09-17 08:22:44.065,2024-09-17 08:24:08.447,ST_CYu,ST_ve1
1447,20240917_OeqCgB,mechanical,2024-09-17 08:13:32.360,2024-09-17 08:18:29.222,ST_QfP,ST_23u
1453,20240917_DOPRNh,ebike,2024-09-17 08:25:56.673,2024-09-17 08:31:23.467,ST_AsQ,ST_rbT
1469,20240917_wlSjRD,mechanical,2024-09-17 08:21:59.446,2024-09-17 08:42:27.759,ST_a1v,ST_HfY
1476,20240917_Qr7CUE,ebike,2024-09-17 08:12:17.197,2024-09-17 08:22:28.584,ST_icv,ST_p5F
1484,20240917_LgSFfM,ebike,2024-09-17 08:14:09.746,2024-09-17 08:17:28.269,ST_4Vp,ST_rNb
1487,20240917_2q6hqL,mechanical,2024-09-17 08:02:29.482,2024-09-17 08:08:05.585,ST_OX3,ST_Vd5
1499,20240917_rnEZAA,ebike,2024-09-17 08:01:39.224,2024-09-17 08:08:30.123,ST_QFw,ST_0v7
1509,20240917_sAE8f1,mechanical,2024-09-17 08:10:43.660,2024-09-17 08:16:09.720,ST_YMQ,ST_2Ic
1512,20240917_vLx0CG,ebike,2024-09-17 08:15:55.464,2024-09-17 08:25:08.423,ST_P2g,ST_QFw
1513,20240917_STILc6,mechanical,2024-09-17 08:04:34.755,2024-09-17 08:20:08.833,ST_dxK,ST_2YB
1518,20240917_LhOHdy,ebike,2024-09-17 08:09:51.947,2024-09-17 08:15:09.427,ST_p5F,ST_hRy
1523,20240917_WTALJ0,ebike,2024-09-17 08:29:03.571,2024-09-17 08:41:24.001,ST_Q45,ST_1xJ
1546,20240917_PsbMKx,ebike,2024-09-17 08:14:29.686,2024-09-17 08:28:16.645,ST_qf1,ST_yTI
1548,20240917_Lf2u2E,ebike,2024-09-17 08:16:56.419,2024-09-17 08:29:49.714,ST_JRq,ST_eoe
1568,20240917_fyXRFe,mechanical,2024-09-17 08:03:28.534,2024-09-17 08:13:10.127,ST_cmZ,ST_nbB
1571,20240917_r9wLkj,ebike,2024-09-17 08:16:08.045,2024-09-17 08:26:08.897,ST_Xbk,ST_czq
1578,20240917_CWvECc,ebike,2024-09-17 08:10:17.313,2024-09-17 08:13:11.012,ST_K8f,ST_RlU
1614,20240917_I7pxyE,ebike,2024-09-17 08:11:18.715,2024-09-17 08:18:13.069,ST_PHs,ST_a43
1673,20240917_Yvi9pL,ebike,2024-09-17 08:23:39.389,2024-09-17 08:34:53.307,ST_kYh,ST_lIv
1685,20240917_tNm86T,ebike,2024-09-17 08:22:45.545,2024-09-17 08:37:09.830,ST_zWL,ST_KCT
1688,20240917_hTGFGN,ebike,2024-09-17 08:27:20.473,2024-09-17 08:35:41.496,ST_uEl,ST_Iz5
1695,20240917_sa0gUm,ebike,2024-09-17 08:04:48.602,2024-09-17 08:37:18.807,ST_y1E,ST_cHE
1703,20240917_pmA5Nu,ebike,2024-09-17 08:15:22.523,2024-09-17 08:30:33.900,ST_c0n,ST_dAV
1708,20240917_suDCxE,mechanical,2024-09-17 08:16:55.957,2024-09-17 08:36:36.769,ST_dPU,ST_ADB
1732,20240917_H2mRGu,mechanical,2024-09-17 08:04:24.730,2024-09-17 08:32:21.551,ST_Wog,ST_FDI
1736,20240917_TKD6gP,ebike,2024-09-17 08:24:33.691,2024-09-17 08:42:15.272,ST_5F7,ST_fgs
1737,20240917_ifrvGL,ebike,2024-09-17 08:24:09.504,2024-09-17 08:43:40.443,ST_Dy3,ST_MSo
1742,20240917_6Igc4x,mechanical,2024-09-17 08:26:07.975,2024-09-17 08:31:24.754,ST_On5,ST_WFT
1753,20240917_C4Tn8y,mechanical,2024-09-17 08:28:45.315,2024-09-17 09:07:22.144,ST_8g1,ST_6hS
1764,20240917_1aKpMy,ebike,2024-09-17 08:27:04.655,2024-09-17 08:42:51.063,ST_0mC,ST_P9E
1784,20240917_WvjGKz,ebike,2024-09-17 08:06:53.429,2024-09-17 08:13:48.346,ST_XVx,ST_Wog
1787,20240917_e2EVDW,mechanical,2024-09-17 08:14:13.033,2024-09-17 08:29:06.120,ST_QIa,ST_Evm
1789,20240917_NmQAF9,ebike,2024-09-17 08:10:39.496,2024-09-17 08:18:22.033,ST_Erc,ST_Uiz
1808,20240917_4HNCOW,ebike,2024-09-17 08:13:15.987,2024-09-17 08:17:01.464,ST_y1h,ST_nZN
1811,20240917_mGUxmY,mechanical,2024-09-17 08:06:15.311,2024-09-17 08:13:46.501,ST_CZ8,ST_kxw
1841,20240917_wiqZWk,ebike,2024-09-17 08:36:51.860,2024-09-17 08:48:05.520,ST_oyI,ST_xUX
1853,20240917_hdbjuY,mechanical,2024-09-17 08:58:12.873,2024-09-17 09:32:55.071,ST_ZNn,ST_M1f
1869,20240917_Zb1wO4,ebike,2024-09-17 08:38:02.717,2024-09-17 08:44:06.343,ST_Bcf,ST_cu7
1870,20240917_nmM6Ki,ebike,2024-09-17 08:50:30.376,2024-09-17 09:04:25.100,ST_8W2,ST_SvC
1884,20240917_qQPloW,ebike,2024-09-17 08:44:39.292,2024-09-17 08:58:48.232,ST_0FS,ST_JZA
1894,20240917_SEUWWv,ebike,2024-09-17 08:53:33.411,2024-09-17 09:09:28.183,ST_TCz,ST_P5k
1915,20240917_edWbs2,mechanical,2024-09-17 08:48:05.164,2024-09-17 08:55:18.826,ST_hRy,ST_iwZ
1918,20240917_fuIi83,ebike,2024-09-17 08:51:36.502,2024-09-17 09:25:58.078,ST_Ejz,ST_6q4
1937,20240917_WrUTT9,ebike,2024-09-17 08:48:30.362,2024-09-17 09:13:37.245,ST_ImW,ST_LO9
1946,20240917_OUpk98,ebike,2024-09-17 08:43:51.481,2024-09-17 08:52:55.695,ST_EPS,ST_CqW
1977,20240917_OcFK4O,mechanical,2024-09-17 08:56:39.792,2024-09-17 09:22:49.226,ST_dNk,ST_uBS
1996,20240917_GmrY4S,ebike,2024-09-17 08:32:12.102,2024-09-17 08:48:34.425,ST_Dh9,ST_T0W
2030,20240917_BJn6FG,ebike,2024-09-17 08:57:03.135,2024-09-17 09:07:52.638,ST_yg3,ST_2Lk
2062,20240917_h4hnjc,ebike,2024-09-17 08:41:46.837,2024-09-17 08:51:13.165,ST_ueO,ST_j10
2092,20240917_mKJ1u9,mechanical,2024-09-17 08:58:49.196,2024-09-17 09:25:29.713,ST_7O5,ST_T0o
2122,20240917_bb4XG1,ebike,2024-09-17 08:40:49.735,2024-09-17 08:48:36.324,ST_lZZ,ST_W18
2188,20240917_8fLB2Y,ebike,2024-09-17 08:54:56.679,2024-09-17 09:01:26.058,ST_6Xz,ST_LBV
2212,20240917_jHigIx,mechanical,2024-09-17 08:53:59.072,2024-09-17 09:16:06.282,ST_F0I,ST_vVM
2226,20240917_HT1Hgz,ebike,2024-09-17 08:45:02.353,2024-09-17 08:53:21.416,ST_PJE,ST_rF2
2237,20240917_javoMR,ebike,2024-09-17 08:36:07.588,2024-09-17 08:42:07.493,ST_cbE,ST_dQs
2248,20240917_SanR0r,ebike,2024-09-17 08:48:30.353,2024-09-17 09:35:43.740,ST_Vd5,ST_M1f
2264,20240917_xT4VO1,mechanical,2024-09-17 08:53:11.270,2024-09-17 09:07:20.658,ST_OUK,ST_S3i
2267,20240917_NdpCdw,ebike,2024-09-17 08:50:57.842,2024-09-17 09:08:07.946,ST_UzN,ST_dKU
2302,20240917_CwbNS9,mechanical,2024-09-17 08:48:07.810,2024-09-17 08:57:53.399,ST_MZa,ST_0Vd
2318,20240917_Tmovme,mechanical,2024-09-17 08:34:03.218,2024-09-17 08:39:13.515,ST_Ay3,ST_qF6
2336,20240917_HXrmRK,ebike,2024-09-17 08:52:37.128,2024-09-17 08:55:04.067,ST_tpC,ST_ETP
2354,20240917_qVz4Nc,mechanical,2024-09-17 08:48:30.231,2024-09-17 08:51:32.855,ST_xpt,ST_Mow
2374,20240917_lOoB3F,ebike,2024-09-17 08:37:48.081,2024-09-17 08:44:54.849,ST_Uwx,ST_xUX
2379,20240917_jBONTl,ebike,2024-09-17 08:46:21.617,2024-09-17 08:56:20.857,ST_RkG,ST_3Wa
2422,20240917_FblRD6,mechanical,2024-09-17 08:32:01.645,2024-09-17 08:43:47.103,ST_6zu,ST_ZE7
2451,20240917_5fVzz1,ebike,2024-09-17 09:01:31.659,2024-09-17 09:18:07.755,ST_UcY,ST_CAs
2483,20240917_gkhjvl,mechanical,2024-09-17 09:25:58.641,2024-09-17 09:38:52.973,ST_j3f,ST_6OE
2504,20240917_XN9Te1,mechanical,2024-09-17 09:29:46.270,2024-09-17 09:41:22.971,ST_nZN,ST_nun
2517,20240917_iqijLK,ebike,2024-09-17 09:07:13.139,2024-09-17 09:10:16.097,ST_0mR,ST_r3s
2522,20240917_5iA3aN,ebike,2024-09-17 09:18:15.572,2024-09-17 09:20:19.045,ST_qF6,ST_VQH
2532,20240917_pTpIf5,mechanical,2024-09-17 09:14:02.711,2024-09-17 09:46:27.778,ST_2Lk,ST_IKo
2583,20240917_FleoLI,mechanical,2024-09-17 09:17:32.251,2024-09-17 09:34:40.211,ST_c3o,ST_oFM
2593,20240917_zNkjkK,ebike,2024-09-17 09:04:51.717,2024-09-17 09:21:22.896,ST_KFz,ST_7iZ
2648,20240917_CXdzge,mechanical,2024-09-17 09:01:57.635,2024-09-17 09:15:15.705,ST_T0W,ST_c3o
2699,20240917_kUCbyt,ebike,2024-09-17 09:28:16.779,2024-09-17 09:30:50.407,ST_4PC,ST_e0L
2729,20240917_tiY3Ka,ebike,2024-09-17 09:04:58.318,2024-09-17 09:06:28.971,ST_2ky,ST_ZFM
2741,20240917_sqmrhq,ebike,2024-09-17 09:08:09.690,2024-09-17 09:14:46.603,ST_scJ,ST_hLV
2751,20240917_1xND4N,mechanical,2024-09-17 09:06:25.112,2024-09-17 09:10:11.608,ST_2YB,ST_NQy
2800,20240917_6qlzxC,ebike,2024-09-17 09:18:07.715,2024-09-17 09:22:15.929,ST_zDK,ST_uDD
2811,20240917_00YTBj,ebike,2024-09-17 09:07:00.141,2024-09-17 09:12:38.937,ST_vYB,ST_CX9
2882,20240917_ROISkz,ebike,2024-09-17 09:18:04.068,2024-09-17 10:37:33.629,ST_CN7,ST_RIm
2937,20240917_oWh1FP,ebike,2024-09-17 09:08:42.500,2024-09-17 09:18:02.258,ST_iZR,ST_j3f
3013,20240917_0SmRRi,mechanical,2024-09-17 09:55:18.644,2024-09-17 10:11:52.264,ST_JCE,ST_7gV
3018,20240917_cgm1ub,ebike,2024-09-17 09:42:26.651,2024-09-17 09:58:37.034,ST_P3Q,ST_2Lk
3020,20240917_laCDvK,ebike,2024-09-17 09:34:19.543,2024-09-17 09:43:07.495,ST_PzV,ST_BVh
3028,20240917_nrZNUp,mechanical,2024-09-17 09:40:16.322,2024-09-17 09:45:13.782,ST_fzg,ST_tpC
3072,20240917_PLlnLB,ebike,2024-09-17 09:52:58.770,2024-09-17 10:53:02.272,ST_4ud,ST_tRB
3128,20240917_xrEpyP,ebike,2024-09-17 09:54:33.518,2024-09-17 10:20:56.809,ST_iXY,ST_TEl
3157,20240917_sAP1H8,mechanical,2024-09-17 09:36:29.692,2024-09-17 09:40:59.551,ST_vwS,ST_SjN
3158,20240917_2MXVYv,ebike,2024-09-17 09:55:25.362,2024-09-17 10:24:49.558,ST_EXz,ST_Tjy
3232,20240917_8F4G2v,ebike,2024-09-17 09:35:25.970,2024-09-17 09:41:37.293,ST_CzT,ST_C4z
3263,20240917_KWRDdD,ebike,2024-09-17 09:56:42.186,2024-09-17 10:01:27.995,ST_UgF,ST_YjE
3360,20240917_4WBp3N,ebike,2024-09-17 10:13:06.611,2024-09-17 10:16:11.433,ST_gWw,ST_nAp
3382,20240917_MQqqQ7,mechanical,2024-09-17 10:06:36.138,2024-09-17 10:23:33.538,ST_k5S,ST_OTF
3421,20240917_oRuh1e,mechanical,2024-09-17 10:10:31.937,2024-09-17 10:22:01.166,ST_8Ag,ST_d8Y
3438,20240917_DOGwAY,ebike,2024-09-17 10:27:12.877,2024-09-17 10:31:17.560,ST_kCQ,ST_Yat
3486,20240917_MM8Ji7,ebike,2024-09-17 10:28:15.057,2024-09-17 10:57:32.946,ST_EtJ,ST_W18
3493,20240917_0d1cP2,ebike,2024-09-17 10:17:17.845,2024-09-17 10:37:37.101,ST_aUE,ST_Oon
3530,20240917_HhfnV1,mechanical,2024-09-17 10:26:49.316,2024-09-17 10:36:59.229,ST_53C,ST_BVh
3561,20240917_OqJI8v,mechanical,2024-09-17 10:06:34.146,2024-09-17 10:13:15.626,ST_Yat,ST_ILA
3572,20240917_Wpk0cA,mechanical,2024-09-17 10:29:01.857,2024-09-17 10:34:44.254,ST_zuk,ST_CZ8
3604,20240917_s2ZLBr,ebike,2024-09-17 10:07:15.028,2024-09-17 10:22:21.994,ST_Pso,ST_fTL
3643,20240917_YJ3Mw0,mechanical,2024-09-17 10:15:08.326,2024-09-17 10:20:24.998,ST_fn0,ST_jzt
3650,20240917_ySgCEi,ebike,2024-09-17 10:04:24.372,2024-09-17 10:26:15.994,ST_OTF,ST_icv
3685,20240917_RVBxFa,ebike,2024-09-17 10:56:50.887,2024-09-17 11:01:02.757,ST_S42,ST_GdP
3729,20240917_duscYd,mechanical,2024-09-17 10:44:45.706,2024-09-17 10:47:33.036,ST_2SL,ST_zDK
3746,20240917_0emLam,ebike,2024-09-17 10:34:46.733,2024-09-17 10:57:02.471,ST_U8F,ST_M2z
3776,20240917_gYxpE5,ebike,2024-09-17 10:50:33.939,2024-09-17 11:02:27.844,ST_5ZT,ST_i1w
3802,20240917_F1xuId,ebike,2024-09-17 10:52:23.506,2024-09-17 11:29:04.983,ST_irx,ST_4FO
3821,20240917_pyUxby,ebike,2024-09-17 10:56:13.851,2024-09-17 11:02:03.863,ST_XsH,ST_Hpy
3822,20240917_TvCSCY,ebike,2024-09-17 10:42:05.184,2024-09-17 10:45:53.461,ST_q5V,ST_VQH
3848,20240917_dTyCm3,mechanical,2024-09-17 10:59:14.865,2024-09-17 11:12:30.185,ST_rRn,ST_gEk
4049,20240917_sfJbK5,ebike,2024-09-17 11:19:54.833,2024-09-17 11:28:29.967,ST_KCT,ST_qZL
4056,20240917_TQAynP,mechanical,2024-09-17 11:09:50.856,2024-09-17 11:30:43.363,ST_dqe,ST_eUZ
4132,20240917_xQ8Igf,ebike,2024-09-17 11:20:15.473,2024-09-17 11:30:28.141,ST_HfY,ST_dqe
4156,20240917_pVe71V,ebike,2024-09-17 11:26:26.902,2024-09-17 11:29:35.136,ST_kCN,ST_7gV
4178,20240917_F9sgqy,ebike,2024-09-17 11:26:40.639,2024-09-17 11:33:03.618,ST_Oon,ST_ozb
4250,20240917_bmyspq,ebike,2024-09-17 11:10:24.306,2024-09-17 11:19:43.400,ST_LO9,ST_iwZ
4382,20240917_IfZLRB,ebike,2024-09-17 11:58:31.706,2024-09-17 12:14:24.730,ST_xhH,ST_Now
4416,20240917_m5ZNz5,ebike,2024-09-17 11:46:13.171,2024-09-17 11:51:35.577,ST_crd,ST_oFM
4518,20240917_1PsJj4,mechanical,2024-09-17 11:31:34.925,2024-09-17 11:40:13.838,ST_4fW,ST_e0L
4564,20240917_WPD74C,ebike,2024-09-17 11:51:45.932,2024-09-17 11:54:27.112,ST_OlQ,ST_zuk
4667,20240917_yeK69U,ebike,2024-09-17 12:24:44.222,2024-09-17 12:40:52.814,ST_jau,ST_MTN
4669,20240917_9SF3U7,ebike,2024-09-17 12:10:24.470,2024-09-17 12:19:32.408,ST_7Mg,ST_oyI
4670,20240917_cJPRXD,ebike,2024-09-17 12:27:47.053,2024-09-17 12:41:29.598,ST_ENP,ST_PXB
4974,20240917_fIVrxS,ebike,2024-09-17 12:19:52.025,2024-09-17 12:23:52.198,ST_4PJ,ST_4nO
5007,20240917_E8ZhEq,ebike,2024-09-17 12:17:48.985,2024-09-17 12:51:37.884,ST_5zx,ST_Ny3
5143,20240917_v3PaoY,ebike,2024-09-17 12:43:01.982,2024-09-17 12:57:13.058,ST_ye9,ST_XFU
5152,20240917_7C4Dh5,ebike,2024-09-17 12:32:52.186,2024-09-17 12:43:07.316,ST_qRY,ST_Hat
5254,20240917_Qugimu,mechanical,2024-09-17 12:45:42.607,2024-09-17 12:48:15.994,ST_c1V,ST_fiF
5271,20240917_KJC34i,ebike,2024-09-17 12:39:27.309,2024-09-17 12:42:42.873,ST_nzl,ST_hRb
5365,20240917_739GsH,ebike,2024-09-17 12:39:04.364,2024-09-17 13:51:46.932,ST_VUd,ST_xw7
5437,20240917_kamyzg,mechanical,2024-09-17 13:02:19.490,2024-09-17 13:12:29.728,ST_nun,ST_zbr
5535,20240917_4MLefS,ebike,2024-09-17 13:21:06.500,2024-09-17 13:33:33.876,ST_IiM,ST_i1w
5544,20240917_W3BwsE,mechanical,2024-09-17 13:02:23.157,2024-09-17 13:26:29.686,ST_Z1a,ST_xrz
5580,20240917_8qjNrj,ebike,2024-09-17 13:17:27.037,2024-09-17 13:49:14.882,ST_YC8,ST_IKo
5585,20240917_ZMoLyC,ebike,2024-09-17 13:01:58.812,2024-09-17 13:12:41.944,ST_p13,ST_7O5
5614,20240917_qEsOQb,mechanical,2024-09-17 13:10:42.328,2024-09-17 13:19:08.075,ST_TdW,ST_hdf
5852,20240917_LS9xOR,ebike,2024-09-17 13:46:08.964,2024-09-17 13:51:42.745,ST_M2z,ST_K8f
5968,20240917_gRqKbl,ebike,2024-09-17 13:48:35.126,2024-09-17 13:51:17.324,ST_SvC,ST_5F7
6012,20240917_pJn9FT,mechanical,2024-09-17 13:30:29.696,2024-09-17 13:38:38.191,ST_3w4,ST_3Jo
6018,20240917_TNdctV,ebike,2024-09-17 13:55:20.895,2024-09-17 14:01:05.490,ST_j3x,ST_dQs
6042,20240917_xSkND3,ebike,2024-09-17 13:41:22.877,2024-09-17 13:45:35.392,ST_S3i,ST_eG5
6090,20240917_lxse39,ebike,2024-09-17 13:40:39.348,2024-09-17 13:50:05.935,ST_PJm,ST_ETP
6241,20240917_vgR8L6,ebike,2024-09-17 14:09:10.790,2024-09-17 14:20:53.732,ST_Vxp,ST_5Vr
6317,20240917_K6YQft,ebike,2024-09-17 14:27:23.096,2024-09-17 14:34:40.991,ST_APP,ST_dNk
6489,20240917_6iAMAq,ebike,2024-09-17 14:25:21.379,2024-09-17 14:29:10.742,ST_Hpy,ST_xhp
6699,20240917_LaX6HP,mechanical,2024-09-17 14:32:38.461,2024-09-17 14:37:01.731,ST_cVv,ST_clk
7215,20240917_4DUuG4,ebike,2024-09-17 15:21:32.853,2024-09-17 15:24:24.840,ST_AN0,ST_Irs
7332,20240917_nemPzV,ebike,2024-09-17 15:18:31.429,2024-09-17 15:25:07.292,ST_kZX,ST_yg3
7354,20240917_hbvUQ1,ebike,2024-09-17 15:27:47.791,2024-09-17 15:34:31.372,ST_P5k,ST_p0U
7548,20240917_MslKvL,ebike,2024-09-17 15:40:22.959,2024-09-17 17:06:16.194,ST_xEd,ST_3Wa
7615,20240917_Cxm95y,ebike,2024-09-17 15:49:32.917,2024-09-17 15:53:42.215,ST_xEf,ST_jau
7689,20240917_omygiQ,ebike,2024-09-17 15:37:27.101,2024-09-17 16:14:15.222,ST_oRh,ST_Nri
7766,20240917_1THUDD,ebike,2024-09-17 15:51:18.048,2024-09-17 15:57:59.707,ST_qnG,ST_vYB
7787,20240917_nwl5Ok,mechanical,2024-09-17 15:30:15.488,2024-09-17 15:46:38.185,ST_d8H,ST_YDI
7854,20240917_BoP0H2,ebike,2024-09-17 15:50:53.378,2024-09-17 15:52:23.667,ST_LdD,ST_icv
7896,20240917_aLCSIl,ebike,2024-09-17 15:48:45.903,2024-09-17 15:51:56.390,ST_pJv,ST_rEH
7932,20240917_7Bhzbw,ebike,2024-09-17 15:53:24.408,2024-09-17 16:39:34.081,ST_CcP,ST_k5S
7958,20240917_0ZfUnm,mechanical,2024-09-17 16:11:30.799,2024-09-17 16:15:09.800,ST_8hv,ST_tfh
8044,20240917_UO2TNw,mechanical,2024-09-17 16:24:54.265,2024-09-17 16:45:13.634,ST_znt,ST_yqe
8099,20240917_b7t1D2,ebike,2024-09-17 16:04:37.395,2024-09-17 16:24:50.670,ST_Ute,ST_XVx
8155,20240917_J8I9cE,ebike,2024-09-17 16:14:03.963,2024-09-17 16:19:48.145,ST_LZW,ST_Erc
8311,20240917_mnlwqM,ebike,2024-09-17 16:17:15.445,2024-09-17 16:51:07.770,ST_dVf,ST_bZU
8452,20240917_N5es6j,mechanical,2024-09-17 16:17:36.589,2024-09-17 16:38:09.282,ST_nUr,ST_2Ic
8553,20240917_IJOyje,ebike,2024-09-17 16:30:52.788,2024-09-17 16:34:11.460,ST_YUU,ST_W18
8865,20240917_YKHS3J,ebike,2024-09-17 16:45:11.996,2024-09-17 16:58:28.890,ST_LHZ,ST_cPF
8896,20240917_6ISXuG,ebike,2024-09-17 16:37:02.448,2024-09-17 16:57:41.711,ST_8M0,ST_ycc
9080,20240917_ehCNxD,ebike,2024-09-17 16:37:21.482,2024-09-17 16:49:30.053,ST_6w7,ST_dVf
9269,20240917_LNdNUO,ebike,2024-09-17 17:16:59.451,2024-09-17 17:21:06.192,ST_abZ,ST_LZO
10163,20240917_GPS68n,ebike,2024-09-17 17:59:11.614,2024-09-17 18:16:18.844,ST_ycc,ST_5ZT
10196,20240917_i20nYL,ebike,2024-09-17 17:41:51.311,2024-09-17 17:50:23.155,ST_IKo,ST_KvA
10197,20240917_IQlVVI,mechanical,2024-09-17 17:39:53.051,2024-09-17 17:49:42.666,ST_i5b,ST_hBZ
10218,20240917_J5qvMz,ebike,2024-09-17 17:45:19.797,2024-09-17 17:56:57.947,ST_lvh,ST_MMu
10954,20240917_BY8fuq,ebike,2024-09-17 17:43:27.050,2024-09-17 17:55:05.138,ST_VO3,ST_kCQ
11271,20240917_hiSHl4,ebike,2024-09-17 18:18:54.636,2024-09-17 18:35:04.282,ST_ZHH,ST_7rT
11444,20240917_X8Yj2c,ebike,2024-09-17 18:02:27.788,2024-09-17 18:07:48.215,ST_lzt,ST_J42
11714,20240917_URHhm9,ebike,2024-09-17 18:19:03.439,2024-09-17 18:31:44.171,ST_LZO,ST_hRy
11742,20240917_AnZXyY,ebike,2024-09-17 18:00:01.852,2024-09-17 18:09:18.310,ST_FAB,ST_rbT
11867,20240917_eXSf08,ebike,2024-09-17 18:28:59.192,2024-09-17 18:52:48.029,ST_P7y,ST_CqW
11936,20240917_m6GfH4,ebike,2024-09-17 18:21:50.747,2024-09-17 18:33:35.390,ST_Wki,ST_zFx
12762,20240917_YOqh8N,ebike,2024-09-17 18:45:37.706,2024-09-17 18:59:29.285,ST_C67,ST_cbE
13445,20240917_LonVpr,ebike,2024-09-17 19:44:59.611,2024-09-17 20:14:47.204,ST_prT,ST_NQy
13842,20240917_CmRxoW,ebike,2024-09-17 19:48:10.613,2024-09-17 19:53:57.694,ST_c1Z,ST_6Mh
14197,20240917_jQPlG4,ebike,2024-09-17 20:22:01.618,2024-09-17 20:29:29.955,ST_wiO,ST_YEj
14834,20240917_eHadDA,ebike,2024-09-17 21:03:38.098,2024-09-17 21:09:44.600,ST_h9T,ST_sSb
15186,20240917_VcFzms,ebike,2024-09-17 21:54:17.082,2024-09-17 22:10:58.315,ST_5e5,ST_tfh
15617,20240917_sEyCk6,ebike,2024-09-17 22:33:04.686,2024-09-17 22:39:36.290,ST_6xX,ST_3ZT
15679,20240917_1rSrDv,ebike,2024-09-17 22:50:15.873,2024-09-17 23:01:23.703,ST_4qX,ST_0v7
15766,20240917_iRGWqR,ebike,2024-09-17 23:11:49.383,2024-09-17 23:55:09.298,ST_8KF,ST_ZE7
15816,20240917_zoQHwG,ebike,2024-09-17 23:05:39.004,2024-09-17 23:06:54.741,ST_1mf,ST_p5F
15908,20240917_wTHGC2,mechanical,2024-09-17 23:56:26.910,2024-04-25 00:09:06.773,ST_To1,ST_clJ
